,F,i,l,e,s,y,s,t,e,m,S,i,z,e,U,s,e,d,A,v,a,i,l,U,s,e,%,M,o,u,n,t,e,d,o,n,
,u,d,e,v,7,.,8,G,0,7,.,8,G,0,%,/,d,e,v,
,t,m,p,f,s,1,.,6,G,9,.,5,M,1,.,6,G,1,%,/,r,u,n,
,/,d,e,v,/,n,v,m,e,0,n,1,p,3,4,3,3,G,1,3,7,G,2,7,5,G,3,4,%,/,
,t,m,p,f,s,7,.,8,G,2,9,M,7,.,8,G,1,%,/,d,e,v,/,s,h,m,
,t,m,p,f,s,5,.,0,M,4,.,0,K,5,.,0,M,1,%,/,r,u,n,/,l,o,c,k,
,t,m,p,f,s,7,.,8,G,0,7,.,8,G,0,%,/,s,y,s,/,f,s,/,c,g,r,o,u,p,
,/,d,e,v,/,n,v,m,e,0,n,1,p,1,7,4,6,M,3,8,M,7,0,9,M,5,%,/,b,o,o,t,/,e,f,i,
,t,m,p,f,s,1,.,6,G,5,6,K,1,.,6,G,1,%,/,r,u,n,/,u,s,e,r,/,1,0,0,1,
,F,i,l,e,s,y,s,t,e,m,S,i,z,e,U,s,e,d,A,v,a,i,l,U,s,e,%,M,o,u,n,t,e,d,o,n,
,u,d,e,v,7,.,8,G,0,7,.,8,G,0,%,/,d,e,v,
,t,m,p,f,s,1,.,6,G,9,.,5,M,1,.,6,G,1,%,/,r,u,n,
,/,d,e,v,/,n,v,m,e,0,n,1,p,3,4,3,3,G,1,3,7,G,2,7,5,G,3,4,%,/,
,t,m,p,f,s,7,.,8,G,2,9,M,7,.,8,G,1,%,/,d,e,v,/,s,h,m,
,t,m,p,f,s,5,.,0,M,4,.,0,K,5,.,0,M,1,%,/,r,u,n,/,l,o,c,k,
,t,m,p,f,s,7,.,8,G,0,7,.,8,G,0,%,/,s,y,s,/,f,s,/,c,g,r,o,u,p,
,/,d,e,v,/,n,v,m,e,0,n,1,p,1,7,4,6,M,3,8,M,7,0,9,M,5,%,/,b,o,o,t,/,e,f,i,
,t,m,p,f,s,1,.,6,G,5,6,K,1,.,6,G,1,%,/,r,u,n,/,u,s,e,r,/,1,0,0,1,
